{
  "DELETE Character" : {
    "transaction" : "DELETE Character",
    "sampleCount" : 8064,
    "errorCount" : 0,
    "errorPct" : 0.0,
    "meanResTime" : 6.443080357142863,
    "medianResTime" : 5.0,
    "minResTime" : 0.0,
    "maxResTime" : 116.0,
    "pct1ResTime" : 7.0,
    "pct2ResTime" : 9.0,
    "pct3ResTime" : 50.0,
    "throughput" : 280.18484416802755,
    "receivedKBytesPerSec" : 80.17007748167194,
    "sentKBytesPerSec" : 58.82787255481047
  },
  "GET All Characters" : {
    "transaction" : "GET All Characters",
    "sampleCount" : 8064,
    "errorCount" : 0,
    "errorPct" : 0.0,
    "meanResTime" : 1774.1777033730168,
    "medianResTime" : 5.0,
    "minResTime" : 0.0,
    "maxResTime" : 28069.0,
    "pct1ResTime" : 7661.0,
    "pct2ResTime" : 9779.25,
    "pct3ResTime" : 16378.400000000001,
    "throughput" : 279.1953744417131,
    "receivedKBytesPerSec" : 6715.875830127151,
    "sentKBytesPerSec" : 34.35411833950767
  },
  "POST Create Character" : {
    "transaction" : "POST Create Character",
    "sampleCount" : 8064,
    "errorCount" : 0,
    "errorPct" : 0.0,
    "meanResTime" : 7.4164186507936245,
    "medianResTime" : 5.0,
    "minResTime" : 0.0,
    "maxResTime" : 126.0,
    "pct1ResTime" : 11.0,
    "pct2ResTime" : 13.0,
    "pct3ResTime" : 50.0,
    "throughput" : 279.73774586325317,
    "receivedKBytesPerSec" : 74.8517015298158,
    "sentKBytesPerSec" : 58.733999375585384
  },
  "Total" : {
    "transaction" : "Total",
    "sampleCount" : 40320,
    "errorCount" : 0,
    "errorPct" : 0.0,
    "meanResTime" : 360.13187003968204,
    "medianResTime" : 5.0,
    "minResTime" : 0.0,
    "maxResTime" : 28069.0,
    "pct1ResTime" : 9.0,
    "pct2ResTime" : 87.0,
    "pct3ResTime" : 15786.950000000008,
    "throughput" : 1395.6869396656166,
    "receivedKBytesPerSec" : 7014.335615686334,
    "sentKBytesPerSec" : 245.6081899685001
  },
  "PUT Update Character" : {
    "transaction" : "PUT Update Character",
    "sampleCount" : 8064,
    "errorCount" : 0,
    "errorPct" : 0.0,
    "meanResTime" : 6.353546626984136,
    "medianResTime" : 5.0,
    "minResTime" : 0.0,
    "maxResTime" : 112.0,
    "pct1ResTime" : 7.0,
    "pct2ResTime" : 10.0,
    "pct3ResTime" : 50.0,
    "throughput" : 280.1653753951985,
    "receivedKBytesPerSec" : 73.59813084112149,
    "sentKBytesPerSec" : 59.64458187124344
  },
  "GET Character by ID" : {
    "transaction" : "GET Character by ID",
    "sampleCount" : 8064,
    "errorCount" : 0,
    "errorPct" : 0.0,
    "meanResTime" : 6.268601190476197,
    "medianResTime" : 5.0,
    "minResTime" : 0.0,
    "maxResTime" : 113.0,
    "pct1ResTime" : 7.0,
    "pct2ResTime" : 9.0,
    "pct3ResTime" : 46.350000000000364,
    "throughput" : 280.1945795691452,
    "receivedKBytesPerSec" : 72.23766504517026,
    "sentKBytesPerSec" : 34.75069492703266
  }
}