{
  "DELETE Character" : {
    "transaction" : "DELETE Character",
    "sampleCount" : 2000,
    "errorCount" : 0,
    "errorPct" : 0.0,
    "meanResTime" : 4.611999999999999,
    "medianResTime" : 3.0,
    "minResTime" : 0.0,
    "maxResTime" : 55.0,
    "pct1ResTime" : 7.0,
    "pct2ResTime" : 12.0,
    "pct3ResTime" : 36.0,
    "throughput" : 416.49312786339027,
    "receivedKBytesPerSec" : 119.17235006247398,
    "sentKBytesPerSec" : 87.44728758850479
  },
  "GET All Characters" : {
    "transaction" : "GET All Characters",
    "sampleCount" : 2000,
    "errorCount" : 0,
    "errorPct" : 0.0,
    "meanResTime" : 906.4234999999998,
    "medianResTime" : 56.0,
    "minResTime" : 1.0,
    "maxResTime" : 4014.0,
    "pct1ResTime" : 2615.7000000000003,
    "pct2ResTime" : 3004.8999999999996,
    "pct3ResTime" : 3095.0,
    "throughput" : 405.5150040551501,
    "receivedKBytesPerSec" : 9680.276763990267,
    "sentKBytesPerSec" : 49.897354014598534
  },
  "POST Create Character" : {
    "transaction" : "POST Create Character",
    "sampleCount" : 2000,
    "errorCount" : 0,
    "errorPct" : 0.0,
    "meanResTime" : 5.664500000000004,
    "medianResTime" : 5.0,
    "minResTime" : 0.0,
    "maxResTime" : 86.0,
    "pct1ResTime" : 9.0,
    "pct2ResTime" : 13.0,
    "pct3ResTime" : 39.0,
    "throughput" : 411.26876413736375,
    "receivedKBytesPerSec" : 110.04652477894302,
    "sentKBytesPerSec" : 86.35037528274727
  },
  "Total" : {
    "transaction" : "Total",
    "sampleCount" : 10000,
    "errorCount" : 0,
    "errorPct" : 0.0,
    "meanResTime" : 185.17219999999935,
    "medianResTime" : 3.0,
    "minResTime" : 0.0,
    "maxResTime" : 4014.0,
    "pct1ResTime" : 63.0,
    "pct2ResTime" : 1880.8999999999978,
    "pct3ResTime" : 3004.9799999999996,
    "throughput" : 2026.7531414673692,
    "receivedKBytesPerSec" : 10111.788102959059,
    "sentKBytesPerSec" : 356.66105087150385
  },
  "PUT Update Character" : {
    "transaction" : "PUT Update Character",
    "sampleCount" : 2000,
    "errorCount" : 0,
    "errorPct" : 0.0,
    "meanResTime" : 4.699999999999997,
    "medianResTime" : 3.0,
    "minResTime" : 0.0,
    "maxResTime" : 66.0,
    "pct1ResTime" : 7.0,
    "pct2ResTime" : 13.0,
    "pct3ResTime" : 42.99000000000001,
    "throughput" : 416.23309053069715,
    "receivedKBytesPerSec" : 109.34248178980229,
    "sentKBytesPerSec" : 88.61212278876171
  },
  "GET Character by ID" : {
    "transaction" : "GET Character by ID",
    "sampleCount" : 2000,
    "errorCount" : 0,
    "errorPct" : 0.0,
    "meanResTime" : 4.460999999999987,
    "medianResTime" : 3.0,
    "minResTime" : 0.0,
    "maxResTime" : 68.0,
    "pct1ResTime" : 6.0,
    "pct2ResTime" : 13.0,
    "pct3ResTime" : 36.0,
    "throughput" : 416.40641265875496,
    "receivedKBytesPerSec" : 107.35477826358526,
    "sentKBytesPerSec" : 51.644154694982305
  }
}