{
  "DELETE Character" : {
    "transaction" : "DELETE Character",
    "sampleCount" : 18142,
    "errorCount" : 0,
    "errorPct" : 0.0,
    "meanResTime" : 92.0276705986106,
    "medianResTime" : 89.0,
    "minResTime" : 8.0,
    "maxResTime" : 222.0,
    "pct1ResTime" : 140.0,
    "pct2ResTime" : 154.0,
    "pct3ResTime" : 180.0,
    "throughput" : 604.109087276481,
    "receivedKBytesPerSec" : 172.85543219922747,
    "sentKBytesPerSec" : 127.40379862683561
  },
  "GET All Characters" : {
    "transaction" : "GET All Characters",
    "sampleCount" : 19063,
    "errorCount" : 838,
    "errorPct" : 4.3959503,
    "meanResTime" : 1206.6169543093968,
    "medianResTime" : 91.0,
    "minResTime" : 7.0,
    "maxResTime" : 60049.0,
    "pct1ResTime" : 154.0,
    "pct2ResTime" : 694.599999999984,
    "pct3ResTime" : 29354.36,
    "throughput" : 308.73754959915783,
    "receivedKBytesPerSec" : 11939.866936340999,
    "sentKBytesPerSec" : 37.98919067333387
  },
  "POST Create Character" : {
    "transaction" : "POST Create Character",
    "sampleCount" : 18414,
    "errorCount" : 0,
    "errorPct" : 0.0,
    "meanResTime" : 93.28646681872532,
    "medianResTime" : 90.0,
    "minResTime" : 3.0,
    "maxResTime" : 368.0,
    "pct1ResTime" : 141.0,
    "pct2ResTime" : 156.0,
    "pct3ResTime" : 191.0,
    "throughput" : 611.801448601236,
    "receivedKBytesPerSec" : 164.27674155051832,
    "sentKBytesPerSec" : 128.45440571217358
  },
  "Total" : {
    "transaction" : "Total",
    "sampleCount" : 92156,
    "errorCount" : 838,
    "errorPct" : 0.9093277,
    "meanResTime" : 322.7467120968786,
    "medianResTime" : 136.0,
    "minResTime" : 3.0,
    "maxResTime" : 60049.0,
    "pct1ResTime" : 174.0,
    "pct2ResTime" : 192.0,
    "pct3ResTime" : 29340.0,
    "throughput" : 1492.525710583853,
    "receivedKBytesPerSec" : 12258.300583549275,
    "sentKBytesPerSec" : 262.60206102214755
  },
  "PUT Update Character" : {
    "transaction" : "PUT Update Character",
    "sampleCount" : 18318,
    "errorCount" : 0,
    "errorPct" : 0.0,
    "meanResTime" : 91.96298722567988,
    "medianResTime" : 90.0,
    "minResTime" : 3.0,
    "maxResTime" : 228.0,
    "pct1ResTime" : 140.0,
    "pct2ResTime" : 153.04999999999927,
    "pct3ResTime" : 182.0,
    "throughput" : 609.604312955506,
    "receivedKBytesPerSec" : 160.71006548678824,
    "sentKBytesPerSec" : 130.34891318138708
  },
  "GET Character by ID" : {
    "transaction" : "GET Character by ID",
    "sampleCount" : 18219,
    "errorCount" : 0,
    "errorPct" : 0.0,
    "meanResTime" : 91.62884900378741,
    "medianResTime" : 89.0,
    "minResTime" : 9.0,
    "maxResTime" : 222.0,
    "pct1ResTime" : 139.0,
    "pct2ResTime" : 152.0,
    "pct3ResTime" : 180.79999999999927,
    "throughput" : 606.3904143784323,
    "receivedKBytesPerSec" : 156.33502870693957,
    "sentKBytesPerSec" : 75.2066236582626
  }
}