{
  "DELETE Character" : {
    "transaction" : "DELETE Character",
    "sampleCount" : 100,
    "errorCount" : 0,
    "errorPct" : 0.0,
    "meanResTime" : 1.2200000000000009,
    "medianResTime" : 1.0,
    "minResTime" : 0.0,
    "maxResTime" : 8.0,
    "pct1ResTime" : 3.9000000000000057,
    "pct2ResTime" : 4.949999999999989,
    "pct3ResTime" : 7.97999999999999,
    "throughput" : 114.02508551881414,
    "receivedKBytesPerSec" : 32.62631841505131,
    "sentKBytesPerSec" : 23.94081385404789
  },
  "GET All Characters" : {
    "transaction" : "GET All Characters",
    "sampleCount" : 100,
    "errorCount" : 0,
    "errorPct" : 0.0,
    "meanResTime" : 4.6899999999999995,
    "medianResTime" : 2.0,
    "minResTime" : 1.0,
    "maxResTime" : 38.0,
    "pct1ResTime" : 6.900000000000006,
    "pct2ResTime" : 38.0,
    "pct3ResTime" : 38.0,
    "throughput" : 106.26992561105207,
    "receivedKBytesPerSec" : 2513.1540166710947,
    "sentKBytesPerSec" : 13.076182252922424
  },
  "POST Create Character" : {
    "transaction" : "POST Create Character",
    "sampleCount" : 100,
    "errorCount" : 0,
    "errorPct" : 0.0,
    "meanResTime" : 1.2400000000000002,
    "medianResTime" : 1.0,
    "minResTime" : 0.0,
    "maxResTime" : 7.0,
    "pct1ResTime" : 2.9000000000000057,
    "pct2ResTime" : 5.0,
    "pct3ResTime" : 6.989999999999995,
    "throughput" : 110.86474501108648,
    "receivedKBytesPerSec" : 29.664980598669622,
    "sentKBytesPerSec" : 23.277265798226164
  },
  "Total" : {
    "transaction" : "Total",
    "sampleCount" : 500,
    "errorCount" : 0,
    "errorPct" : 0.0,
    "meanResTime" : 1.9299999999999995,
    "medianResTime" : 1.0,
    "minResTime" : 0.0,
    "maxResTime" : 38.0,
    "pct1ResTime" : 4.0,
    "pct2ResTime" : 6.0,
    "pct3ResTime" : 38.0,
    "throughput" : 529.6610169491526,
    "receivedKBytesPerSec" : 2618.961657507945,
    "sentKBytesPerSec" : 93.2079250529661
  },
  "PUT Update Character" : {
    "transaction" : "PUT Update Character",
    "sampleCount" : 100,
    "errorCount" : 0,
    "errorPct" : 0.0,
    "meanResTime" : 1.3800000000000001,
    "medianResTime" : 1.0,
    "minResTime" : 0.0,
    "maxResTime" : 9.0,
    "pct1ResTime" : 3.0,
    "pct2ResTime" : 7.0,
    "pct3ResTime" : 8.989999999999995,
    "throughput" : 113.63636363636363,
    "receivedKBytesPerSec" : 29.851740056818183,
    "sentKBytesPerSec" : 24.192116477272727
  },
  "GET Character by ID" : {
    "transaction" : "GET Character by ID",
    "sampleCount" : 100,
    "errorCount" : 0,
    "errorPct" : 0.0,
    "meanResTime" : 1.1200000000000003,
    "medianResTime" : 1.0,
    "minResTime" : 0.0,
    "maxResTime" : 11.0,
    "pct1ResTime" : 2.9000000000000057,
    "pct2ResTime" : 5.0,
    "pct3ResTime" : 10.969999999999985,
    "throughput" : 114.02508551881414,
    "receivedKBytesPerSec" : 29.39709236031927,
    "sentKBytesPerSec" : 14.141783067274801
  }
}