{
  "DELETE Character" : {
    "transaction" : "DELETE Character",
    "sampleCount" : 31462,
    "errorCount" : 0,
    "errorPct" : 0.0,
    "meanResTime" : 139.92298645985716,
    "medianResTime" : 166.0,
    "minResTime" : 2.0,
    "maxResTime" : 362.0,
    "pct1ResTime" : 217.0,
    "pct2ResTime" : 238.0,
    "pct3ResTime" : 273.0,
    "throughput" : 520.9544152468001,
    "receivedKBytesPerSec" : 149.0621520188598,
    "sentKBytesPerSec" : 109.8888219661219
  },
  "GET All Characters" : {
    "transaction" : "GET All Characters",
    "sampleCount" : 33362,
    "errorCount" : 1871,
    "errorPct" : 5.608177,
    "meanResTime" : 3190.9527906000935,
    "medianResTime" : 180.0,
    "minResTime" : 2.0,
    "maxResTime" : 123952.0,
    "pct1ResTime" : 257.0,
    "pct2ResTime" : 63084.0,
    "pct3ResTime" : 63139.0,
    "throughput" : 267.25090920742747,
    "receivedKBytesPerSec" : 22849.51512483578,
    "sentKBytesPerSec" : 32.884389218882674
  },
  "POST Create Character" : {
    "transaction" : "POST Create Character",
    "sampleCount" : 31836,
    "errorCount" : 0,
    "errorPct" : 0.0,
    "meanResTime" : 140.85742555597446,
    "medianResTime" : 166.0,
    "minResTime" : 2.0,
    "maxResTime" : 539.0,
    "pct1ResTime" : 220.0,
    "pct2ResTime" : 243.0,
    "pct3ResTime" : 304.9900000000016,
    "throughput" : 526.3888888888889,
    "receivedKBytesPerSec" : 141.36420355902777,
    "sentKBytesPerSec" : 110.52110460069446
  },
  "Total" : {
    "transaction" : "Total",
    "sampleCount" : 159951,
    "errorCount" : 1871,
    "errorPct" : 1.1697333,
    "meanResTime" : 776.3322204925265,
    "medianResTime" : 206.0,
    "minResTime" : 2.0,
    "maxResTime" : 123952.0,
    "pct1ResTime" : 249.0,
    "pct2ResTime" : 63084.0,
    "pct3ResTime" : 63139.0,
    "throughput" : 1281.3095791210726,
    "receivedKBytesPerSec" : 23122.31740626552,
    "sentKBytesPerSec" : 225.29106935260026
  },
  "PUT Update Character" : {
    "transaction" : "PUT Update Character",
    "sampleCount" : 31705,
    "errorCount" : 0,
    "errorPct" : 0.0,
    "meanResTime" : 139.64560794827307,
    "medianResTime" : 166.0,
    "minResTime" : 2.0,
    "maxResTime" : 402.0,
    "pct1ResTime" : 217.0,
    "pct2ResTime" : 238.0,
    "pct3ResTime" : 274.0,
    "throughput" : 524.8737687277544,
    "receivedKBytesPerSec" : 138.39445073876334,
    "sentKBytesPerSec" : 112.25327671033027
  },
  "GET Character by ID" : {
    "transaction" : "GET Character by ID",
    "sampleCount" : 31586,
    "errorCount" : 0,
    "errorPct" : 0.0,
    "meanResTime" : 139.44437408978536,
    "medianResTime" : 166.0,
    "minResTime" : 2.0,
    "maxResTime" : 403.0,
    "pct1ResTime" : 216.0,
    "pct2ResTime" : 238.0,
    "pct3ResTime" : 274.0,
    "throughput" : 522.9297043144267,
    "receivedKBytesPerSec" : 134.8178143935631,
    "sentKBytesPerSec" : 64.85553949993377
  }
}