{
  "DELETE Character" : {
    "transaction" : "DELETE Character",
    "sampleCount" : 70753,
    "errorCount" : 235,
    "errorPct" : 0.3321414,
    "meanResTime" : 321.5720746823477,
    "medianResTime" : 180.0,
    "minResTime" : 1.0,
    "maxResTime" : 127004.0,
    "pct1ResTime" : 227.0,
    "pct2ResTime" : 238.0,
    "pct3ResTime" : 279.0,
    "throughput" : 377.7200025625147,
    "receivedKBytesPerSec" : 108.19841308437347,
    "sentKBytesPerSec" : 79.66405198968587
  },
  "GET All Characters" : {
    "transaction" : "GET All Characters",
    "sampleCount" : 72592,
    "errorCount" : 2124,
    "errorPct" : 2.9259422,
    "meanResTime" : 2796.5045872823334,
    "medianResTime" : 182.0,
    "minResTime" : 1.0,
    "maxResTime" : 183030.0,
    "pct1ResTime" : 231.0,
    "pct2ResTime" : 241.0,
    "pct3ResTime" : 290.0,
    "throughput" : 387.2895281589449,
    "receivedKBytesPerSec" : 61131.202335813956,
    "sentKBytesPerSec" : 46.931331727896456
  },
  "POST Create Character" : {
    "transaction" : "POST Create Character",
    "sampleCount" : 72385,
    "errorCount" : 1673,
    "errorPct" : 2.3112524,
    "meanResTime" : 1395.4804033984879,
    "medianResTime" : 186.0,
    "minResTime" : 1.0,
    "maxResTime" : 127005.0,
    "pct1ResTime" : 240.0,
    "pct2ResTime" : 55967.300000000054,
    "pct3ResTime" : 63004.0,
    "throughput" : 286.55410621325785,
    "receivedKBytesPerSec" : 77.0543630680806,
    "sentKBytesPerSec" : 60.156025773935596
  },
  "Total" : {
    "transaction" : "Total",
    "sampleCount" : 357781,
    "errorCount" : 4497,
    "errorPct" : 1.2569141,
    "meanResTime" : 1042.6359197386162,
    "medianResTime" : 226.0,
    "minResTime" : 0.0,
    "maxResTime" : 183030.0,
    "pct1ResTime" : 272.0,
    "pct2ResTime" : 63001.0,
    "pct3ResTime" : 63026.990000000005,
    "throughput" : 1416.0459428010543,
    "receivedKBytesPerSec" : 45653.94911698979,
    "sentKBytesPerSec" : 249.0150695704637
  },
  "PUT Update Character" : {
    "transaction" : "PUT Update Character",
    "sampleCount" : 71109,
    "errorCount" : 229,
    "errorPct" : 0.3220408,
    "meanResTime" : 321.2934227734885,
    "medianResTime" : 180.0,
    "minResTime" : 1.0,
    "maxResTime" : 127006.0,
    "pct1ResTime" : 227.0,
    "pct2ResTime" : 239.0,
    "pct3ResTime" : 290.9900000000016,
    "throughput" : 379.5779797904312,
    "receivedKBytesPerSec" : 100.24200308968598,
    "sentKBytesPerSec" : 81.16443394791206
  },
  "GET Character by ID" : {
    "transaction" : "GET Character by ID",
    "sampleCount" : 70942,
    "errorCount" : 236,
    "errorPct" : 0.33266613,
    "meanResTime" : 330.1368582785914,
    "medianResTime" : 179.0,
    "minResTime" : 0.0,
    "maxResTime" : 127004.0,
    "pct1ResTime" : 228.0,
    "pct2ResTime" : 240.0,
    "pct3ResTime" : 285.0,
    "throughput" : 378.7107967436274,
    "receivedKBytesPerSec" : 97.7947594838516,
    "sentKBytesPerSec" : 46.96040783898305
  }
}